pre-test,post-test
p1.q.1.1,p2.q.1
p1.q.1.1,p2.q.2
p1.q.1.1,p2.q.3
p1.q.1.2,p2.q.1
p1.q.1.2,p2.q.2
p1.q.1.2,p2.q.3
p1.q.1.3,p2.q.1
p1.q.1.3,p2.q.2
p1.q.1.3,p2.q.3
p1.q.2,p2.q.4
p1.q.3,p2.q.4
p1.q.3,p2.q.5
p1.q.3,p2.q.6.1
p1.q.3,p2.q.6.2
p1.q.3,p2.q.6.3
p1.q.3,p2.q.6.4
p1.q.4.1,p2.q.4
p1.q.4.1,p2.q.5
p1.q.4.1,p2.q.6.1
p1.q.4.1,p2.q.6.2
p1.q.4.1,p2.q.6.3
p1.q.4.1,p2.q.6.4
p1.q.4.2,p2.q.4
p1.q.4.2,p2.q.5
p1.q.4.2,p2.q.6.1
p1.q.4.2,p2.q.6.2
p1.q.4.2,p2.q.6.3
p1.q.4.2,p2.q.6.4
p1.q.4.3,p2.q.4
p1.q.4.3,p2.q.5
p1.q.4.3,p2.q.6.1
p1.q.4.3,p2.q.6.2
p1.q.4.3,p2.q.6.3
p1.q.4.3,p2.q.6.4
p1.q.4.4,p2.q.4
p1.q.4.4,p2.q.5
p1.q.4.4,p2.q.6.1
p1.q.4.4,p2.q.6.2
p1.q.4.4,p2.q.6.3
p1.q.4.4,p2.q.6.4
p1.q.5.1,p2.q.6.1
p1.q.5.1,p2.q.6.2
p1.q.5.1,p2.q.6.3
p1.q.5.1,p2.q.6.4
p1.q.5.2,p2.q.6.1
p1.q.5.2,p2.q.6.2
p1.q.5.2,p2.q.6.3
p1.q.5.2,p2.q.6.4
p1.q.5.3,p2.q.6.1
p1.q.5.3,p2.q.6.2
p1.q.5.3,p2.q.6.3
p1.q.5.3,p2.q.6.4
p1.q.5.4,p2.q.6.1
p1.q.5.4,p2.q.6.2
p1.q.5.4,p2.q.6.3
p1.q.5.4,p2.q.6.4
p1.q.5.5,p2.q.6.1
p1.q.5.5,p2.q.6.2
p1.q.5.5,p2.q.6.3
p1.q.5.5,p2.q.6.4
p1.q.5.6,p2.q.6.1
p1.q.5.6,p2.q.6.2
p1.q.5.6,p2.q.6.3
p1.q.5.6,p2.q.6.4